feedback,time_stamp
,1559827783.5487213
,1559884466.4737742
